type,count
Documentaries,334
Stand-Up Comedy,321
"Dramas, International Movies",320
"Comedies, Dramas, International Movies",243
"Dramas, Independent Movies, International Movies",215
Kids' Tv,205
Children & Family Movies,177
"Documentaries, International Movies",172
"Children & Family Movies, Comedies",169
"Comedies, International Movies",161
"Dramas, International Movies, Romantic Movies",153
"Comedies, International Movies, Romantic Movies",139
"Action & Adventure, Dramas, International Movies",117
Dramas,117
"International Tv Shows, Tv Dramas",111
"Dramas, International Movies, Thrillers",109
"Crime Tv Shows, International Tv Shows, Tv Dramas",106
"Comedies, Dramas, Independent Movies",102
Action & Adventure,99
Comedies,97
"Dramas, Independent Movies",94
"Kids' Tv, Tv Comedies",90
"Action & Adventure, International Movies",88
"International Tv Shows, Romantic Tv Shows, Tv Dramas",86
Reality Tv,83
"International Tv Shows, Romantic Tv Shows, Tv Comedies",79
"Anime Series, International Tv Shows",75
Docuseries,74
"Documentaries, Music & Musicals",73
"Dramas, Thrillers",69
"Action & Adventure, Comedies, International Movies",67
"International Tv Shows, Korean Tv Shows, Romantic Tv Shows",65
"Comedies, Romantic Movies",64
Tv Comedies,62
"International Movies, Thrillers",59
"Documentaries, Sports Movies",57
"Crime Tv Shows, International Tv Shows, Spanish-Language Tv Shows",56
Movies,56
"Horror Movies, International Movies",56
"Comedies, International Movies, Music & Musicals",53
"Dramas, International Movies, Music & Musicals",52
"Action & Adventure, Sci-Fi & Fantasy",52
"Horror Movies, Thrillers",50
Thrillers,49
"Crime Tv Shows, Docuseries",45
Horror Movies,43
"Action & Adventure, Comedies",39
"Dramas, Romantic Movies",38
"Documentaries, International Movies, Sports Movies",38
"Horror Movies, International Movies, Thrillers",36
Tv Dramas,34
"Docuseries, Science & Nature Tv",34
"International Tv Shows, Tv Comedies, Tv Dramas",33
"International Tv Shows, Reality Tv",33
"Documentaries, International Movies, Music & Musicals",32
"British Tv Shows, Docuseries, International Tv Shows",29
"Action & Adventure, Anime Features, International Movies",28
"Dramas, Independent Movies, Thrillers",28
"Tv Comedies, Tv Dramas",28
"International Tv Shows, Tv Comedies",28
"Docuseries, International Tv Shows",27
"Action & Adventure, Dramas",27
"Stand-Up Comedy & Talk Shows, Tv Comedies",26
"British Tv Shows, International Tv Shows, Reality Tv",25
"British Tv Shows, Docuseries, Science & Nature Tv",25
"Dramas, International Movies, Sports Movies",25
"Comedies, Dramas",25
"Children & Family Movies, Dramas",25
"Action & Adventure, Comedies, Dramas",24
"Comedies, Independent Movies",23
"Crime Tv Shows, Docuseries, International Tv Shows",23
"International Tv Shows, Tv Dramas, Tv Mysteries",23
"International Tv Shows, Spanish-Language Tv Shows, Tv Dramas",21
"Anime Series, Kids' Tv",20
"Dramas, Independent Movies, Romantic Movies",20
"British Tv Shows, Crime Tv Shows, International Tv Shows",20
"Documentaries, Lgbtq Movies",20
"Crime Tv Shows, International Tv Shows, Korean Tv Shows",20
"Kids' Tv, Korean Tv Shows",19
"International Tv Shows, Romantic Tv Shows, Spanish-Language Tv Shows",19
"International Tv Shows, Korean Tv Shows, Tv Dramas",18
"British Tv Shows, Crime Tv Shows, Docuseries",18
"Classic Movies, Dramas, International Movies",18
"Crime Tv Shows, Tv Dramas, Tv Mysteries",17
"Horror Movies, Independent Movies",17
"Comedies, Independent Movies, International Movies",17
"British Tv Shows, Kids' Tv",17
"Dramas, Sports Movies",17
"International Movies, Romantic Movies",17
"Dramas, Faith & Spirituality",17
"International Tv Shows, Tv Action & Adventure, Tv Dramas",17
"Horror Movies, Independent Movies, Thrillers",16
"Action & Adventure, International Movies, Sci-Fi & Fantasy",16
"Crime Tv Shows, Tv Dramas",15
"British Tv Shows, International Tv Shows, Tv Comedies",15
"International Tv Shows, Tv Dramas, Tv Horror",15
"Children & Family Movies, Music & Musicals",15
"Crime Tv Shows, International Tv Shows, Tv Action & Adventure",15
"Dramas, Independent Movies, Lgbtq Movies",15
"Docuseries, Reality Tv",14
"Comedies, Horror Movies, International Movies",14
"Comedies, Dramas, Romantic Movies",14
"International Tv Shows, Spanish-Language Tv Shows, Tv Comedies",14
"British Tv Shows, Tv Comedies",13
"Docuseries, International Tv Shows, Science & Nature Tv",13
"Dramas, International Movies, Sci-Fi & Fantasy",12
"International Tv Shows, Tv Dramas, Teen Tv Shows",12
Tv Shows,12
"British Tv Shows, Docuseries",12
"Classic Movies, Documentaries",11
"Children & Family Movies, Comedies, Dramas",11
"Dramas, International Movies, Lgbtq Movies",11
"Comedies, Horror Movies",11
"Children & Family Movies, Comedies, Music & Musicals",11
"Crime Tv Shows, Tv Action & Adventure, Tv Dramas",11
"Romantic Tv Shows, Tv Comedies, Tv Dramas",11
"Independent Movies, Thrillers",11
"Action & Adventure, Dramas, Independent Movies",11
"Kids' Tv, Tv Action & Adventure, Tv Sci-Fi & Fantasy",10
"Comedies, Cult Movies",10
"Children & Family Movies, Dramas, Romantic Movies",10
"Sci-Fi & Fantasy, Thrillers",10
Music & Musicals,10
"British Tv Shows, International Tv Shows, Tv Dramas",10
"Classic Movies, Dramas",10
"Action & Adventure, International Movies, Music & Musicals",10
"International Movies, Sci-Fi & Fantasy, Thrillers",9
"International Tv Shows, Korean Tv Shows, Tv Comedies",9
"Horror Movies, Independent Movies, International Movies",9
"Comedies, Independent Movies, Romantic Movies",9
"British Tv Shows, Reality Tv",9
"Children & Family Movies, Dramas, Sports Movies",9
"International Tv Shows, Tv Dramas, Tv Thrillers",9
"Crime Tv Shows, International Tv Shows, Tv Comedies",9
"Crime Tv Shows, Tv Comedies, Tv Dramas",9
"Dramas, Faith & Spirituality, International Movies",9
"International Tv Shows, Tv Horror, Tv Mysteries",9
"Anime Series, Crime Tv Shows, International Tv Shows",9
Anime Series,8
"Tv Action & Adventure, Tv Dramas, Tv Sci-Fi & Fantasy",8
"International Tv Shows, Tv Dramas, Tv Sci-Fi & Fantasy",8
"Comedies, Sports Movies",8
"Dramas, Independent Movies, Sports Movies",8
"Children & Family Movies, Comedies, Romantic Movies",8
"International Tv Shows, Reality Tv, Spanish-Language Tv Shows",8
"Reality Tv, Romantic Tv Shows",8
"Anime Series, International Tv Shows, Teen Tv Shows",8
"Children & Family Movies, Dramas, International Movies",8
"Children & Family Movies, Comedies, Sci-Fi & Fantasy",8
"Romantic Tv Shows, Tv Dramas",7
"Tv Comedies, Tv Dramas, Teen Tv Shows",7
"Action & Adventure, Comedies, Independent Movies",7
"Action & Adventure, Independent Movies",7
"Dramas, Lgbtq Movies",7
"International Movies, Music & Musicals",7
"Documentaries, Faith & Spirituality",7
"Tv Dramas, Tv Horror, Tv Mysteries",7
"Anime Features, Children & Family Movies",7
"Comedies, International Movies, Lgbtq Movies",7
"Kids' Tv, Tv Action & Adventure, Tv Comedies",7
"Action & Adventure, Classic Movies, Dramas",7
"Crime Tv Shows, Tv Dramas, Tv Thrillers",7
"Children & Family Movies, Documentaries",7
"Anime Series, International Tv Shows, Romantic Tv Shows",7
"Action & Adventure, Horror Movies, Sci-Fi & Fantasy",7
"British Tv Shows, Kids' Tv, Tv Comedies",7
"International Tv Shows, Stand-Up Comedy & Talk Shows, Tv Comedies",7
"Dramas, Independent Movies, Music & Musicals",7
"Tv Action & Adventure, Tv Sci-Fi & Fantasy",7
"Children & Family Movies, Sci-Fi & Fantasy",7
"Action & Adventure, Comedies, Sci-Fi & Fantasy",7
"Comedies, International Movies, Thrillers",6
"Classic Movies, Dramas, Independent Movies",6
"Action & Adventure, Children & Family Movies, Sci-Fi & Fantasy",6
"Action & Adventure, International Movies, Romantic Movies",6
"Dramas, Sci-Fi & Fantasy",6
"Comedies, International Movies, Sports Movies",6
"Action & Adventure, Documentaries, International Movies",6
"Music & Musicals, Stand-Up Comedy",6
"British Tv Shows, International Tv Shows, Romantic Tv Shows",6
"Crime Tv Shows, International Tv Shows, Romantic Tv Shows",6
"Comedies, International Movies, Sci-Fi & Fantasy",6
"Docuseries, International Tv Shows, Spanish-Language Tv Shows",6
"Horror Movies, Sci-Fi & Fantasy, Thrillers",6
Stand-Up Comedy & Talk Shows,6
"Documentaries, International Movies, Lgbtq Movies",6
"International Tv Shows, Reality Tv, Romantic Tv Shows",6
"Comedies, Cult Movies, Dramas",6
"Dramas, Independent Movies, Sci-Fi & Fantasy",6
"International Movies, Music & Musicals, Romantic Movies",6
"International Tv Shows, Korean Tv Shows, Reality Tv",6
"Comedies, Horror Movies, Independent Movies",5
"Dramas, Music & Musicals",5
"Action & Adventure, Comedies, Romantic Movies",5
"Classic & Cult Tv, Tv Comedies",5
"Tv Dramas, Teen Tv Shows",5
"International Tv Shows, Tv Action & Adventure, Tv Comedies",5
"Tv Dramas, Tv Thrillers",5
"Tv Action & Adventure, Tv Dramas",5
"Children & Family Movies, Dramas, Faith & Spirituality",5
"Action & Adventure, Dramas, Sci-Fi & Fantasy",5
"Children & Family Movies, Comedies, International Movies",5
"Tv Comedies, Teen Tv Shows",5
"Kids' Tv, Tv Thrillers",5
"Independent Movies, International Movies, Thrillers",5
"Dramas, Sci-Fi & Fantasy, Thrillers",5
"International Tv Shows, Korean Tv Shows, Tv Action & Adventure",5
"Docuseries, International Tv Shows, Reality Tv",5
"Action & Adventure, Anime Features, Sci-Fi & Fantasy",5
"Action & Adventure, Independent Movies, Sci-Fi & Fantasy",5
"British Tv Shows, International Tv Shows, Tv Action & Adventure",4
"Action & Adventure, Children & Family Movies, Comedies",4
"International Tv Shows, Romantic Tv Shows, Teen Tv Shows",4
"Kids' Tv, Korean Tv Shows, Tv Comedies",4
"Tv Dramas, Tv Mysteries, Tv Sci-Fi & Fantasy",4
"Action & Adventure, Cult Movies, International Movies",4
"Docuseries, Reality Tv, Science & Nature Tv",4
"Horror Movies, Sci-Fi & Fantasy",4
"International Movies, Sci-Fi & Fantasy",4
"International Tv Shows, Tv Action & Adventure, Tv Sci-Fi & Fantasy",4
"Cult Movies, Horror Movies",4
"Comedies, Independent Movies, Lgbtq Movies",4
"Tv Horror, Tv Mysteries, Tv Sci-Fi & Fantasy",4
"Children & Family Movies, Documentaries, International Movies",4
"Comedies, Music & Musicals",4
"Romantic Tv Shows, Tv Comedies",4
"Kids' Tv, Tv Comedies, Tv Dramas",4
"Comedies, Horror Movies, Sci-Fi & Fantasy",4
"Tv Horror, Tv Mysteries, Tv Thrillers",4
"Comedies, Dramas, Lgbtq Movies",4
"Action & Adventure, Horror Movies, International Movies",4
"International Tv Shows, Stand-Up Comedy & Talk Shows",4
"Dramas, Romantic Movies, Sci-Fi & Fantasy",4
"British Tv Shows, Crime Tv Shows, Tv Dramas",4
"Children & Family Movies, Dramas, Independent Movies",3
"International Movies, Lgbtq Movies, Romantic Movies",3
"Children & Family Movies, Comedies, Sports Movies",3
"Docuseries, Stand-Up Comedy & Talk Shows",3
"Tv Action & Adventure, Tv Comedies, Tv Horror",3
"International Tv Shows, Romantic Tv Shows",3
"Classic & Cult Tv, Tv Action & Adventure, Tv Sci-Fi & Fantasy",3
"Anime Series, Romantic Tv Shows, Teen Tv Shows",3
"Action & Adventure, Classic Movies, Cult Movies",3
"Dramas, Romantic Movies, Sports Movies",3
"Action & Adventure, Thrillers",3
"Action & Adventure, Independent Movies, International Movies",3
"Docuseries, Tv Comedies",3
"Action & Adventure, Children & Family Movies, Classic Movies",3
"Kids' Tv, Tv Dramas",3
"Anime Series, Crime Tv Shows",3
"Tv Dramas, Tv Sci-Fi & Fantasy",3
"Classic Movies, Dramas, Romantic Movies",3
"Docuseries, Spanish-Language Tv Shows",3
"Reality Tv, Tv Comedies",3
"International Tv Shows, Tv Comedies, Tv Sci-Fi & Fantasy",3
Romantic Movies,3
"Comedies, Cult Movies, Horror Movies",3
"International Tv Shows, Korean Tv Shows, Stand-Up Comedy & Talk Shows",3
"Dramas, Music & Musicals, Romantic Movies",3
"Anime Series, Teen Tv Shows",3
"Comedies, Faith & Spirituality, International Movies",3
"Crime Tv Shows, Tv Action & Adventure",3
"Tv Action & Adventure, Tv Dramas, Tv Mysteries",3
"Children & Family Movies, Sports Movies",3
"International Tv Shows, Tv Horror, Tv Thrillers",3
"Crime Tv Shows, Tv Action & Adventure, Tv Comedies",3
"Comedies, Sci-Fi & Fantasy",3
"Anime Series, International Tv Shows, Tv Thrillers",3
"Action & Adventure, Classic Movies, Comedies",3
"Horror Movies, Independent Movies, Sci-Fi & Fantasy",3
"Crime Tv Shows, Docuseries, Tv Mysteries",3
"Action & Adventure, Horror Movies",3
"Documentaries, Faith & Spirituality, International Movies",3
"Classic Movies, Comedies, Cult Movies",3
"Classic Movies, Comedies, International Movies",3
"Action & Adventure, Comedies, Cult Movies",3
"Children & Family Movies, Classic Movies, Comedies",3
"Action & Adventure, Anime Features, Children & Family Movies",3
"International Tv Shows, Spanish-Language Tv Shows, Tv Action & Adventure",3
International Movies,3
"Anime Series, International Tv Shows, Tv Horror",3
"Kids' Tv, Spanish-Language Tv Shows",3
"International Movies, Music & Musicals, Thrillers",3
"Action & Adventure, Romantic Movies",3
"Classic Movies, Comedies, Dramas",3
"British Tv Shows, Classic & Cult Tv, Tv Comedies",3
"Tv Action & Adventure, Tv Dramas, Tv Horror",3
"International Tv Shows, Romantic Tv Shows, Tv Action & Adventure",3
"Independent Movies, Sci-Fi & Fantasy, Thrillers",3
"Cult Movies, Dramas, Thrillers",2
"International Tv Shows, Tv Mysteries, Tv Thrillers",2
"Comedies, Cult Movies, International Movies",2
"Comedies, Dramas, Faith & Spirituality",2
"International Tv Shows, Tv Action & Adventure, Tv Mysteries",2
"Tv Action & Adventure, Tv Comedies, Tv Sci-Fi & Fantasy",2
"Kids' Tv, Tv Action & Adventure",2
International Tv Shows,2
"British Tv Shows, Reality Tv, Romantic Tv Shows",2
"Tv Dramas, Tv Mysteries, Tv Thrillers",2
"International Tv Shows, Reality Tv, Tv Comedies",2
"Action & Adventure, Children & Family Movies, Dramas",2
"Crime Tv Shows, Spanish-Language Tv Shows, Tv Dramas",2
"Classic & Cult Tv, Tv Action & Adventure, Tv Horror",2
"Comedies, Dramas, Music & Musicals",2
"Anime Features, International Movies, Romantic Movies",2
"Documentaries, Horror Movies",2
"Action & Adventure, Cult Movies, Sci-Fi & Fantasy",2
"Classic Movies, Dramas, Music & Musicals",2
"Comedies, Faith & Spirituality, Romantic Movies",2
"Action & Adventure, Classic Movies",2
"Comedies, Music & Musicals, Romantic Movies",2
"Children & Family Movies, Independent Movies",2
"Crime Tv Shows, Docuseries, Science & Nature Tv",2
"Comedies, Independent Movies, Thrillers",2
"Action & Adventure, Children & Family Movies",2
"Anime Features, Music & Musicals, Sci-Fi & Fantasy",2
"Documentaries, Stand-Up Comedy",2
"Spanish-Language Tv Shows, Tv Dramas",2
"Classic & Cult Tv, Tv Action & Adventure, Tv Dramas",2
"Dramas, Lgbtq Movies, Romantic Movies",2
"Horror Movies, International Movies, Romantic Movies",2
"Anime Series, Romantic Tv Shows",2
"Classic Movies, Cult Movies, Dramas",2
"British Tv Shows, Classic & Cult Tv, International Tv Shows",2
"Documentaries, Lgbtq Movies, Music & Musicals",2
"Crime Tv Shows, Romantic Tv Shows, Tv Dramas",2
Anime Features,2
"Reality Tv, Teen Tv Shows",2
"Children & Family Movies, Documentaries, Sports Movies",2
"Action & Adventure, Dramas, Faith & Spirituality",2
"Tv Action & Adventure, Tv Mysteries, Tv Sci-Fi & Fantasy",2
"Action & Adventure, International Movies, Sports Movies",2
"Comedies, Documentaries",2
"Docuseries, Tv Dramas",2
"Crime Tv Shows, Tv Action & Adventure, Tv Thrillers",2
"Classic Movies, Dramas, Sports Movies",2
"Reality Tv, Tv Comedies, Tv Horror",2
"Classic Movies, Comedies, Independent Movies",2
"Classic Movies, Cult Movies, Horror Movies",2
"Cult Movies, Horror Movies, Independent Movies",2
"British Tv Shows, Romantic Tv Shows, Tv Dramas",2
"Classic & Cult Tv, Crime Tv Shows, International Tv Shows",2
"Tv Comedies, Tv Sci-Fi & Fantasy",2
"Documentaries, Dramas, International Movies",2
"Comedies, Lgbtq Movies",2
"Classic Movies, Comedies, Music & Musicals",2
"Crime Tv Shows, Kids' Tv, Tv Comedies",2
"Romantic Tv Shows, Tv Dramas, Tv Sci-Fi & Fantasy",2
"Anime Features, Children & Family Movies, International Movies",2
"International Tv Shows, Spanish-Language Tv Shows, Tv Horror",1
"Action & Adventure, Romantic Movies, Sci-Fi & Fantasy",1
"Cult Movies, Documentaries, Lgbtq Movies",1
"Anime Series, International Tv Shows, Spanish-Language Tv Shows",1
"Comedies, Lgbtq Movies, Music & Musicals",1
"Kids' Tv, Reality Tv, Tv Dramas",1
"Kids' Tv, Tv Comedies, Tv Sci-Fi & Fantasy",1
"Action & Adventure, Comedies, Horror Movies",1
"Classic & Cult Tv, Crime Tv Shows, Tv Dramas",1
"Comedies, Dramas, Sports Movies",1
"Crime Tv Shows, Tv Action & Adventure, Tv Sci-Fi & Fantasy",1
"Horror Movies, Lgbtq Movies, Music & Musicals",1
Sports Movies,1
"International Tv Shows, Spanish-Language Tv Shows, Stand-Up Comedy & Talk Shows",1
"Action & Adventure, Dramas, Sports Movies",1
"Reality Tv, Tv Horror, Tv Thrillers",1
"Classic & Cult Tv, Tv Horror, Tv Mysteries",1
"Action & Adventure, Dramas, Romantic Movies",1
"Docuseries, Science & Nature Tv, Tv Comedies",1
"Anime Features, Romantic Movies",1
"Tv Action & Adventure, Tv Comedies",1
"Action & Adventure, Classic Movies, Sci-Fi & Fantasy",1
"British Tv Shows, Kids' Tv, Tv Dramas",1
"International Movies, Sports Movies",1
"Crime Tv Shows, Tv Comedies, Teen Tv Shows",1
"International Movies, Romantic Movies, Thrillers",1
"British Tv Shows, Tv Horror, Tv Thrillers",1
"Children & Family Movies, Comedies, Faith & Spirituality",1
"Tv Sci-Fi & Fantasy, Tv Thrillers",1
"Romantic Tv Shows, Tv Dramas, Teen Tv Shows",1
"Horror Movies, International Movies, Sci-Fi & Fantasy",1
"Classic Movies, Thrillers",1
"Crime Tv Shows, International Tv Shows, Reality Tv",1
"Comedies, Music & Musicals, Sports Movies",1
"Children & Family Movies, Faith & Spirituality",1
"Classic Movies, Comedies, Sports Movies",1
"Documentaries, Faith & Spirituality, Music & Musicals",1
"Stand-Up Comedy & Talk Shows, Tv Mysteries, Tv Sci-Fi & Fantasy",1
"British Tv Shows, Kids' Tv, Tv Thrillers",1
"Crime Tv Shows, Spanish-Language Tv Shows, Tv Action & Adventure",1
"Classic & Cult Tv, Kids' Tv, Spanish-Language Tv Shows",1
"Romantic Tv Shows, Spanish-Language Tv Shows, Tv Dramas",1
"Crime Tv Shows, Kids' Tv",1
"Reality Tv, Science & Nature Tv",1
"Cult Movies, Dramas, International Movies",1
"Dramas, Music & Musicals, Sports Movies",1
"Cult Movies, Horror Movies, Thrillers",1
"Action & Adventure, Documentaries, Sports Movies",1
"Kids' Tv, Tv Comedies, Teen Tv Shows",1
"Tv Horror, Teen Tv Shows",1
"Reality Tv, Spanish-Language Tv Shows",1
"Music & Musicals, Romantic Movies",1
"British Tv Shows, Tv Comedies, Tv Dramas",1
"Action & Adventure, Children & Family Movies, Independent Movies",1
"Dramas, Horror Movies, Sci-Fi & Fantasy",1
"Crime Tv Shows, Romantic Tv Shows, Spanish-Language Tv Shows",1
"Reality Tv, Science & Nature Tv, Tv Action & Adventure",1
"British Tv Shows, Docuseries, Reality Tv",1
"Kids' Tv, Spanish-Language Tv Shows, Teen Tv Shows",1
"Action & Adventure, Anime Features, Horror Movies",1
"Action & Adventure, Sci-Fi & Fantasy, Thrillers",1
"Docuseries, Kids' Tv, Science & Nature Tv",1
"Dramas, Faith & Spirituality, Romantic Movies",1
"Action & Adventure, Anime Features, Classic Movies",1
Tv Action & Adventure,1
"British Tv Shows, International Tv Shows, Stand-Up Comedy & Talk Shows",1
"Tv Comedies, Tv Dramas, Tv Horror",1
"Children & Family Movies, Classic Movies",1
"Tv Comedies, Tv Dramas, Tv Sci-Fi & Fantasy",1
"Crime Tv Shows, Tv Dramas, Tv Horror",1
"Docuseries, Reality Tv, Teen Tv Shows",1
"Kids' Tv, Tv Dramas, Teen Tv Shows",1
"Crime Tv Shows, International Tv Shows, Tv Mysteries",1
Independent Movies,1
"Tv Horror, Tv Mysteries, Teen Tv Shows",1
"Dramas, Faith & Spirituality, Independent Movies",1
"Action & Adventure, Cult Movies, Dramas",1
"Tv Dramas, Tv Sci-Fi & Fantasy, Tv Thrillers",1
"Classic & Cult Tv, Kids' Tv, Tv Action & Adventure",1
"Tv Comedies, Tv Sci-Fi & Fantasy, Teen Tv Shows",1
"Action & Adventure, Classic Movies, International Movies",1
"Action & Adventure, Faith & Spirituality, Sci-Fi & Fantasy",1
Sci-Fi & Fantasy,1
"International Movies, Romantic Movies, Sci-Fi & Fantasy",1
"Tv Action & Adventure, Tv Horror, Tv Sci-Fi & Fantasy",1
"Tv Dramas, Tv Sci-Fi & Fantasy, Teen Tv Shows",1
"Anime Features, International Movies",1
"Dramas, Music & Musicals, Sci-Fi & Fantasy",1
"Comedies, Cult Movies, Sports Movies",1
"Anime Features, Music & Musicals",1
"British Tv Shows, Tv Dramas, Tv Sci-Fi & Fantasy",1
"Tv Comedies, Tv Dramas, Tv Mysteries",1
"Docuseries, Science & Nature Tv, Tv Dramas",1
"Comedies, Cult Movies, Independent Movies",1
"Action & Adventure, Horror Movies, Independent Movies",1
"Classic Movies, Dramas, Lgbtq Movies",1
"Classic & Cult Tv, Kids' Tv, Tv Comedies",1
"Classic Movies, Cult Movies, Documentaries",1
"Children & Family Movies, Comedies, Cult Movies",1
"Romantic Tv Shows, Tv Action & Adventure, Tv Dramas",1
"Tv Action & Adventure, Tv Dramas, Teen Tv Shows",1
"Comedies, Independent Movies, Music & Musicals",1
"Crime Tv Shows, Tv Comedies",1
"Cult Movies, Independent Movies, Thrillers",1
"Dramas, Faith & Spirituality, Sports Movies",1
"Action & Adventure, Sci-Fi & Fantasy, Sports Movies",1
"International Tv Shows, Reality Tv, Tv Action & Adventure",1
"Kids' Tv, Tv Action & Adventure, Tv Dramas",1
"Anime Series, Kids' Tv, Tv Action & Adventure",1
"Comedies, Romantic Movies, Sports Movies",1
"British Tv Shows, Docuseries, Tv Comedies",1
"Tv Comedies, Tv Mysteries",1
"International Tv Shows, Romantic Tv Shows, Tv Mysteries",1
"Tv Comedies, Tv Horror, Tv Thrillers",1
"Crime Tv Shows, Tv Horror, Tv Mysteries",1
"Romantic Tv Shows, Spanish-Language Tv Shows, Tv Comedies",1
"Children & Family Movies, Classic Movies, Dramas",1
"Classic Movies, Comedies, Romantic Movies",1
"Classic Movies, Independent Movies, Thrillers",1
"Anime Series, Tv Horror, Tv Thrillers",1
"Action & Adventure, International Movies, Thrillers",1
"Anime Series, Crime Tv Shows, Tv Thrillers",1
"Classic & Cult Tv, Tv Dramas, Tv Sci-Fi & Fantasy",1
"Classic Movies, Horror Movies, Thrillers",1
"International Tv Shows, Korean Tv Shows, Tv Horror",1
"Classic Movies, Dramas, Thrillers",1
"Dramas, Horror Movies, Music & Musicals",1
"Action & Adventure, Cult Movies",1
"Children & Family Movies, Comedies, Lgbtq Movies",1
"Action & Adventure, Comedies, Music & Musicals",1
"Dramas, Romantic Movies, Thrillers",1
"Action & Adventure, Sports Movies",1
"Lgbtq Movies, Thrillers",1
"Kids' Tv, Reality Tv, Science & Nature Tv",1
"Classic & Cult Tv, Tv Sci-Fi & Fantasy",1
"International Tv Shows, Tv Action & Adventure, Tv Horror",1
"Anime Features, International Movies, Sci-Fi & Fantasy",1
"Comedies, Cult Movies, Lgbtq Movies",1
"Crime Tv Shows, International Tv Shows, Tv Sci-Fi & Fantasy",1
"Docuseries, Science & Nature Tv, Tv Action & Adventure",1
"British Tv Shows, Classic & Cult Tv, Kids' Tv",1
"Docuseries, Tv Sci-Fi & Fantasy",1
"Children & Family Movies, Dramas, Music & Musicals",1
